{
  "functions": [],
  "types": [],
  "variables" : [
    {
      "name": "@variable::SIR-Gillespie-SD::main::S0::0",
      "domain": "float",
      "domain_constraints": "(and (> v -infty) (< v infty)))",
      "mutable": false
    },
    {
      "name": "@variable::SIR-Gillespie-SD::main::I0::0",
      "domain": "float",
      "domain_constraints": "(and (> v -infty) (< v infty)))",
      "mutable": false
    },
    {
      "name": "@variable::SIR-Gillespie-SD::main::R0::0",
      "domain": "float",
      "domain_constraints": "(and (> v -infty) (< v infty)))",
      "mutable": false
    },
    {
      "name": "SIR-Gillespie-SD:main::Tmax::0",
      "domain": "float",
      "domain_constraints": "(and (> v -infty) (< v infty)))",
      "mutable": false
    },
    {
      "name": "@variable::SIR-Gillespie-SD::main::MeanS::0",
      "domain": "array",
      "domain_constraints": "",
      "mutable": true
    },
    {
      "name": "@variable::SIR-Gillespie-SD::main::MeanI::0",
      "domain": "array",
      "domain_constraints": "",
      "mutable": true
    },
    {
      "name": "@variable::SIR-Gillespie-SD::main::MeanR::0",
      "domain": "array",
      "domain_constraints": "",
      "mutable": true
    },
    {
      "name": "@variable::SIR-Gillespie-SD::main::VarS::0",
      "domain": "array",
      "domain_constraints": "",
      "mutable": true
    },
    {
      "name": "@variable::SIR-Gillespie-SD::main::VarI::0",
      "domain": "array",
      "domain_constraints": "",
      "mutable": true
    },
    {
      "name": "@variable::SIR-Gillespie-SD::main::VarR::0",
      "domain": "array",
      "domain_constraints": "",
      "mutable": true
    },
    {
      "name": "@variable::SIR-Gillespie-SD::main::MeanS::1",
      "domain": "array",
      "domain_constraints": "",
      "mutable": true
    },
    {
      "name": "@variable::SIR-Gillespie-SD::main::MeanI::1",
      "domain": "array",
      "domain_constraints": "",
      "mutable": true
    },
    {
      "name": "@variable::SIR-Gillespie-SD::main::MeanR::1",
      "domain": "array",
      "domain_constraints": "",
      "mutable": true
    },
    {
      "name": "@variable::SIR-Gillespie-SD::main::VarS::1",
      "domain": "array",
      "domain_constraints": "",
      "mutable": true
    },
    {
      "name": "@variable::SIR-Gillespie-SD::main::VarI::1",
      "domain": "array",
      "domain_constraints": "",
      "mutable": true
    },
    {
      "name": "@variable::SIR-Gillespie-SD::main::VarR::1",
      "domain": "array",
      "domain_constraints": "",
      "mutable": true
    },
    {
      "name": "@variable::SIR-Gillespie-SD::gillespie::S0::-1",
      "domain": "float",
      "domain_constraints": "(and (> v -infty) (< v infty)))",
      "mutable": false
    },
    {
      "name": "@variable::SIR-Gillespie-SD::gillespie::I0::-1",
      "domain": "float",
      "domain_constraints": "(and (> v -infty) (< v infty)))",
      "mutable": false
    },
    {
      "name": "@variable::SIR-Gillespie-SD::gillespie::R0::-1",
      "domain": "float",
      "domain_constraints": "(and (> v -infty) (< v infty)))",
      "mutable": false
    },
    {
      "name": "@variable::SIR-Gillespie-SD::gillespie::MeanS::-1",
      "domain": "array",
      "domain_constraints": "",
      "mutable": true
    },
    {
      "name": "@variable::SIR-Gillespie-SD::gillespie::MeanI::-1",
      "domain": "array",
      "domain_constraints": "",
      "mutable": true
    },
    {
      "name": "@variable::SIR-Gillespie-SD::gillespie::MeanR::-1",
      "domain": "array",
      "domain_constraints": "",
      "mutable": true
    },
    {
      "name": "@variable::SIR-Gillespie-SD::gillespie::VarS::-1",
      "domain": "array",
      "domain_constraints": "",
      "mutable": true
    },
    {
      "name": "@variable::SIR-Gillespie-SD::gillespie::VarI::-1",
      "domain": "array",
      "domain_constraints": "",
      "mutable": true
    },
    {
      "name": "@variable::SIR-Gillespie-SD::gillespie::VarR::-1",
      "domain": "array",
      "domain_constraints": "",
      "mutable": true
    },
    {
      "name": "@variable::SIR-Gillespie-SD::gillespie::Tmax::0",
      "domain": "float",
      "domain_constraints": "(and (> v -infty) (< v infty)))",
      "mutable": false
    },
    {
      "name": "@variable::SIR-Gillespie-SD::gillespie::total_runs::0",
      "domain": "float",
      "domain_constraints": "(and (> v -infty) (< v infty)))",
      "mutable": false
    },
    {
      "name": "@variable::SIR-Gillespie-SD::gillespie::gamma::0",
      "domain": "float",
      "domain_constraints": "(and (> v -infty) (< v infty)))",
      "mutable": false
    },
    {
      "name": "@variable::SIR-Gillespie-SD::gillespie::rho::0",
      "domain": "float",
      "domain_constraints": "(and (> v -infty) (< v infty)))",
      "mutable": false
    },
    {
      "name": "@variable::SIR-Gillespie-SD::gillespie::beta::0",
      "domain": "float",
      "domain_constraints": "(and (> v -infty) (< v infty)))",
      "mutable": false
    },
    {
      "name": "@variable::SIR-Gillespie-SD::gillespie::samples::0",
      "domain": "array",
      "domain_constraints": "",
      "mutable": true
    },
    {
      "name": "@variable::SIR-Gillespie-SD::gillespie::Tmax::1",
      "domain": "float",
      "domain_constraints": "(and (> v -infty) (< v infty)))",
      "mutable": false
    },
    {
      "name": "@variable::SIR-Gillespie-SD::gillespie::MeanS::0",
      "domain": "array",
      "domain_constraints": "",
      "mutable": true
    },
    {
      "name": "@variable::SIR-Gillespie-SD::gillespie::MeanI::0",
      "domain": "array",
      "domain_constraints": "",
      "mutable": true
    },
    {
      "name": "@variable::SIR-Gillespie-SD::gillespie::MeanR::0",
      "domain": "array",
      "domain_constraints": "",
      "mutable": true
    },
    {
      "name": "@variable::SIR-Gillespie-SD::gillespie::VarS::0",
      "domain": "array",
      "domain_constraints": "",
      "mutable": true
    },
    {
      "name": "@variable::SIR-Gillespie-SD::gillespie::VarI::0",
      "domain": "array",
      "domain_constraints": "",
      "mutable": true
    },
    {
      "name": "@variable::SIR-Gillespie-SD::gillespie::VarR::0",
      "domain": "array",
      "domain_constraints": "",
      "mutable": true
    },
    {
      "name": "@variable::SIR-Gillespie-SD::gillespie::samples::1",
      "domain": "array",
      "domain_constraints": "",
      "mutable": true
    },
    {
      "name": "@variable::SIR-Gillespie-SD::gillespie::n_samples::0",
      "domain": "float",
      "domain_constraints": "(and (> v -infty) (< v infty)))",
      "mutable": false
    },
    {
      "name": "@variable::SIR-Gillespie-SD::gillespie::randval::0",
      "domain": "float",
      "domain_constraints": "(and (> v -infty) (< v infty)))",
      "mutable": false
    },
    {
      "name": "@variable::SIR-Gillespie-SD::gillespie::n_samples::0",
      "domain": "float",
      "domain_constraints": "(and (> v -infty) (< v infty)))",
      "mutable": false
    },
    {
      "name": "@variable::SIR-Gillespie-SD::gillespie::MeanS::1",
      "domain": "array",
      "domain_constraints": "",
      "mutable": true
    },
    {
      "name": "@variable::SIR-Gillespie-SD::gillespie::MeanI::1",
      "domain": "array",
      "domain_constraints": "",
      "mutable": true
    },
    {
      "name": "@variable::SIR-Gillespie-SD::gillespie::MeanR::1",
      "domain": "array",
      "domain_constraints": "",
      "mutable": true
    },
    {
      "name": "@variable::SIR-Gillespie-SD::gillespie::VarS::1",
      "domain": "array",
      "domain_constraints": "",
      "mutable": true
    },
    {
      "name": "@variable::SIR-Gillespie-SD::gillespie::VarI::1",
      "domain": "array",
      "domain_constraints": "",
      "mutable": true
    },
    {
      "name": "@variable::SIR-Gillespie-SD::gillespie::VarR::1",
      "domain": "array",
      "domain_constraints": "",
      "mutable": true
    },
    {
      "name": "@variable::SIR-Gillespie-SD::update_mean_var::means::-1",
      "domain": "array",
      "domain_constraints": "",
      "mutable": true
    },
    {
      "name": "@variable::SIR-Gillespie-SD::update_mean_var::vars::-1",
      "domain": "array",
      "domain_constraints": "",
      "mutable": true
    },
    {
      "name": "@variable::SIR-Gillespie-SD::update_mean_var::k::-1",
      "domain": "float",
      "domain_constraints": "(and (> v -infty) (< v infty)))",
      "mutable": false
    },
    {
      "name": "@variable::SIR-Gillespie-SD::update_mean_var::n::-1",
      "domain": "float",
      "domain_constraints": "(and (> v -infty) (< v infty)))",
      "mutable": false
    },
    {
      "name": "@variable::SIR-Gillespie-SD::update_mean_var::runs::-1",
      "domain": "float",
      "domain_constraints": "(and (> v -infty) (< v infty)))",
      "mutable": false
    },
    {
      "name": "@variable::SIR-Gillespie-SD::update_mean_var::Tmax::0",
      "domain": "float",
      "domain_constraints": "(and (> v -infty) (< v infty)))",
      "mutable": false
    },
    {
      "name": "@variable::SIR-Gillespie-SD::update_mean_var::means_k::0",
      "domain": "float",
      "domain_constraints": "(and (> v -infty) (< v infty)))",
      "mutable": false
    },
    {
      "name": "@variable::SIR-Gillespie-SD::update_mean_var::vars_k::0",
      "domain": "float",
      "domain_constraints": "(and (> v -infty) (< v infty)))",
      "mutable": false
    },
    {
      "name": "@variable::SIR-Gillespie-SD::pyrand::do_init::-1",
      "domain": "float",
      "domain_constraints": "(and (> v -infty) (< v infty)))",
      "mutable": false
    },
    {
      "name": "@variable::SIR-Gillespie-SD::pyrand::IF_0::0",
      "domain": "float",
      "domain_constraints": "(and (> v -infty) (< v infty)))",
      "mutable": false
    },
    {
      "name": "@variable::SIR-Gillespie-SD::pyrand::retval::0",
      "domain": "float",
      "domain_constraints": "(and (> v -infty) (< v infty)))",
      "mutable": false
    },
    {
      "name": "@variable::SIR-Gillespie-SD::pyrand::retval::1",
      "domain": "float",
      "domain_constraints": "(and (> v -infty) (< v infty)))",
      "mutable": false
    },
    {
      "name": "@variable::SIR-Gillespie-SD::pyrand::retval::2",
      "domain": "float",
      "domain_constraints": "(and (> v -infty) (< v infty)))",
      "mutable": false
    },
    {
      "name": "@variable::SIR-Gillespie-SD::gillespie.loop$0::Tmax::-1",
      "domain": "float",
      "domain_constraints": "(and (> v -infty) (< v infty)))",
      "mutable": false
    },
    {
      "name": "@variable::SIR-Gillespie-SD::gillespie.loop$0::MeanS::-1",
      "domain": "array",
      "domain_constraints": "",
      "mutable": true
    },
    {
      "name": "@variable::SIR-Gillespie-SD::gillespie.loop$0::MeanI::-1",
      "domain": "array",
      "domain_constraints": "",
      "mutable": true
    },
    {
      "name": "@variable::SIR-Gillespie-SD::gillespie.loop$0::MeanR::-1",
      "domain": "array",
      "domain_constraints": "",
      "mutable": true
    },
    {
      "name": "@variable::SIR-Gillespie-SD::gillespie.loop$0::VarS::-1",
      "domain": "array",
      "domain_constraints": "",
      "mutable": true
    },
    {
      "name": "@variable::SIR-Gillespie-SD::gillespie.loop$0::VarI::-1",
      "domain": "array",
      "domain_constraints": "",
      "mutable": true
    },
    {
      "name": "@variable::SIR-Gillespie-SD::gillespie.loop$0::VarR::-1",
      "domain": "array",
      "domain_constraints": "",
      "mutable": true
    },
    {
      "name": "@variable::SIR-Gillespie-SD::gillespie.loop$0::samples::-1",
      "domain": "array",
      "domain_constraints": "",
      "mutable": true
    },
    {
      "name": "@variable::SIR-Gillespie-SD::gillespie.loop$0::i::0",
      "domain": "float",
      "domain_constraints": "(and (> v -infty) (< v infty)))",
      "mutable": false
    },
    {
      "name": "@variable::SIR-Gillespie-SD::gillespie.loop$0::IF_0::0",
      "domain": "float",
      "domain_constraints": "(and (> v -infty) (< v infty)))",
      "mutable": false
    },
    {
      "name": "@variable::SIR-Gillespie-SD::gillespie.loop$0::BK::0",
      "domain": "float",
      "domain_constraints": "(and (> v -infty) (< v infty)))",
      "mutable": false
    },
    {
      "name": "@variable::SIR-Gillespie-SD::gillespie.loop$0::MeanS_i::0",
      "domain": "float",
      "domain_constraints": "(and (> v -infty) (< v infty)))",
      "mutable": false
    },
    {
      "name": "@variable::SIR-Gillespie-SD::gillespie.loop$0::MeanI_i::0",
      "domain": "float",
      "domain_constraints": "(and (> v -infty) (< v infty)))",
      "mutable": false
    },
    {
      "name": "@variable::SIR-Gillespie-SD::gillespie.loop$0::MeanR_i::0",
      "domain": "float",
      "domain_constraints": "(and (> v -infty) (< v infty)))",
      "mutable": false
    },
    {
      "name": "@variable::SIR-Gillespie-SD::gillespie.loop$0::VarS_i::0",
      "domain": "float",
      "domain_constraints": "(and (> v -infty) (< v infty)))",
      "mutable": false
    },
    {
      "name": "@variable::SIR-Gillespie-SD::gillespie.loop$0::VarI_i::0",
      "domain": "float",
      "domain_constraints": "(and (> v -infty) (< v infty)))",
      "mutable": false
    },
    {
      "name": "@variable::SIR-Gillespie-SD::gillespie.loop$0::VarR_i::0",
      "domain": "float",
      "domain_constraints": "(and (> v -infty) (< v infty)))",
      "mutable": false
    },
    {
      "name": "@variable::SIR-Gillespie-SD::gillespie.loop$0::samples_i::0",
      "domain": "float",
      "domain_constraints": "(and (> v -infty) (< v infty)))",
      "mutable": false
    },
    {
      "name": "@variable::SIR-Gillespie-SD::gillespie.loop$0::i::1",
      "domain": "float",
      "domain_constraints": "(and (> v -infty) (< v infty)))",
      "mutable": false
    },
    {
      "name": "@variable::SIR-Gillespie-SD::gillespie.loop$1::Tmax::-1",
      "domain": "float",
      "domain_constraints": "(and (> v -infty) (< v infty)))",
      "mutable": false
    },
    {
      "name": "@variable::SIR-Gillespie-SD::gillespie.loop$1::MeanS::-1",
      "domain": "array",
      "domain_constraints": "",
      "mutable": true
    },
    {
      "name": "@variable::SIR-Gillespie-SD::gillespie.loop$1::MeanI::-1",
      "domain": "array",
      "domain_constraints": "",
      "mutable": true
    },
    {
      "name": "@variable::SIR-Gillespie-SD::gillespie.loop$1::MeanR::-1",
      "domain": "array",
      "domain_constraints": "",
      "mutable": true
    },
    {
      "name": "@variable::SIR-Gillespie-SD::gillespie.loop$1::VarS::-1",
      "domain": "array",
      "domain_constraints": "",
      "mutable": true
    },
    {
      "name": "@variable::SIR-Gillespie-SD::gillespie.loop$1::VarI::-1",
      "domain": "array",
      "domain_constraints": "",
      "mutable": true
    },
    {
      "name": "@variable::SIR-Gillespie-SD::gillespie.loop$1::VarR::-1",
      "domain": "array",
      "domain_constraints": "",
      "mutable": true
    },
    {
      "name": "@variable::SIR-Gillespie-SD::gillespie.loop$1::samples::-1",
      "domain": "array",
      "domain_constraints": "",
      "mutable": true
    },
    {
      "name": "@variable::SIR-Gillespie-SD::gillespie.loop$1::S0::-1",
      "domain": "float",
      "domain_constraints": "(and (> v -infty) (< v infty)))",
      "mutable": false
    },
    {
      "name": "@variable::SIR-Gillespie-SD::gillespie.loop$1::I0::-1",
      "domain": "float",
      "domain_constraints": "(and (> v -infty) (< v infty)))",
      "mutable": false
    },
    {
      "name": "@variable::SIR-Gillespie-SD::gillespie.loop$1::R0::-1",
      "domain": "float",
      "domain_constraints": "(and (> v -infty) (< v infty)))",
      "mutable": false
    },
    {
      "name": "@variable::SIR-Gillespie-SD::gillespie.loop$1::beta::-1",
      "domain": "float",
      "domain_constraints": "(and (> v -infty) (< v infty)))",
      "mutable": false
    },
    {
      "name": "@variable::SIR-Gillespie-SD::gillespie.loop$1::gamma::-1",
      "domain": "float",
      "domain_constraints": "(and (> v -infty) (< v infty)))",
      "mutable": false
    },
    {
      "name": "@variable::SIR-Gillespie-SD::gillespie.loop$1::total_runs::-1",
      "domain": "float",
      "domain_constraints": "(and (> v -infty) (< v infty)))",
      "mutable": false
    },
    {
      "name": "@variable::SIR-Gillespie-SD::gillespie.loop$1::runs::0",
      "domain": "float",
      "domain_constraints": "(and (> v -infty) (< v infty)))",
      "mutable": false
    },
    {
      "name": "@variable::SIR-Gillespie-SD::gillespie.loop$1::IF_0::0",
      "domain": "float",
      "domain_constraints": "(and (> v -infty) (< v infty)))",
      "mutable": false
    },
    {
      "name": "@variable::SIR-Gillespie-SD::gillespie.loop$1::BK::0",
      "domain": "float",
      "domain_constraints": "(and (> v -infty) (< v infty)))",
      "mutable": false
    },
    {
      "name": "@variable::SIR-Gillespie-SD::gillespie.loop$1::t::0",
      "domain": "float",
      "domain_constraints": "(and (> v -infty) (< v infty)))",
      "mutable": false
    },
    {
      "name": "@variable::SIR-Gillespie-SD::gillespie.loop$1::n_S::0",
      "domain": "float",
      "domain_constraints": "(and (> v -infty) (< v infty)))",
      "mutable": false
    },
    {
      "name": "@variable::SIR-Gillespie-SD::gillespie.loop$1::n_I::0",
      "domain": "float",
      "domain_constraints": "(and (> v -infty) (< v infty)))",
      "mutable": false
    },
    {
      "name": "@variable::SIR-Gillespie-SD::gillespie.loop$1::n_R::0",
      "domain": "float",
      "domain_constraints": "(and (> v -infty) (< v infty)))",
      "mutable": false
    },
    {
      "name": "@variable::SIR-Gillespie-SD::gillespie.loop$1::sample_idx::0",
      "domain": "float",
      "domain_constraints": "(and (> v -infty) (< v infty)))",
      "mutable": false
    },
    {
      "name": "@variable::SIR-Gillespie-SD::gillespie.loop$1::MeanS::0",
      "domain": "array",
      "domain_constraints": "",
      "mutable": true
    },
    {
      "name": "@variable::SIR-Gillespie-SD::gillespie.loop$1::MeanI::0",
      "domain": "array",
      "domain_constraints": "",
      "mutable": true
    },
    {
      "name": "@variable::SIR-Gillespie-SD::gillespie.loop$1::MeanR::0",
      "domain": "array",
      "domain_constraints": "",
      "mutable": true
    },
    {
      "name": "@variable::SIR-Gillespie-SD::gillespie.loop$1::VarS::0",
      "domain": "array",
      "domain_constraints": "",
      "mutable": true
    },
    {
      "name": "@variable::SIR-Gillespie-SD::gillespie.loop$1::VarI::0",
      "domain": "array",
      "domain_constraints": "",
      "mutable": true
    },
    {
      "name": "@variable::SIR-Gillespie-SD::gillespie.loop$1::VarR::0",
      "domain": "array",
      "domain_constraints": "",
      "mutable": true
    },
    {
      "name": "@variable::SIR-Gillespie-SD::gillespie.loop$1::n_S::1",
      "domain": "float",
      "domain_constraints": "(and (> v -infty) (< v infty)))",
      "mutable": false
    },
    {
      "name": "@variable::SIR-Gillespie-SD::gillespie.loop$1::n_I::1",
      "domain": "float",
      "domain_constraints": "(and (> v -infty) (< v infty)))",
      "mutable": false
    },
    {
      "name": "@variable::SIR-Gillespie-SD::gillespie.loop$1::n_R::1",
      "domain": "float",
      "domain_constraints": "(and (> v -infty) (< v infty)))",
      "mutable": false
    },
    {
      "name": "@variable::SIR-Gillespie-SD::gillespie.loop$1::sample_idx::1",
      "domain": "float",
      "domain_constraints": "(and (> v -infty) (< v infty)))",
      "mutable": false
    },
    {
      "name": "@variable::SIR-Gillespie-SD::gillespie.loop$1::MeanS::1",
      "domain": "array",
      "domain_constraints": "",
      "mutable": true
    },
    {
      "name": "@variable::SIR-Gillespie-SD::gillespie.loop$1::MeanI::1",
      "domain": "array",
      "domain_constraints": "",
      "mutable": true
    },
    {
      "name": "@variable::SIR-Gillespie-SD::gillespie.loop$1::MeanR::1",
      "domain": "array",
      "domain_constraints": "",
      "mutable": true
    },
    {
      "name": "@variable::SIR-Gillespie-SD::gillespie.loop$1::VarS::1",
      "domain": "array",
      "domain_constraints": "",
      "mutable": true
    },
    {
      "name": "@variable::SIR-Gillespie-SD::gillespie.loop$1::VarI::1",
      "domain": "array",
      "domain_constraints": "",
      "mutable": true
    },
    {
      "name": "@variable::SIR-Gillespie-SD::gillespie.loop$1::VarR::1",
      "domain": "array",
      "domain_constraints": "",
      "mutable": true
    },
    {
      "name": "@variable::SIR-Gillespie-SD::gillespie.loop$1::sample_idx::2",
      "domain": "float",
      "domain_constraints": "(and (> v -infty) (< v infty)))",
      "mutable": false
    },
    {
      "name": "@variable::SIR-Gillespie-SD::gillespie.loop$1::assign__runs::1",
      "domain": "float",
      "domain_constraints": "(and (> v -infty) (< v infty)))",
      "mutable": false
    },
    {
      "name": "@variable::SIR-Gillespie-SD::gillespie.loop$2::Tmax::-1",
      "domain": "float",
      "domain_constraints": "(and (> v -infty) (< v infty)))",
      "mutable": false
    },
    {
      "name": "@variable::SIR-Gillespie-SD::gillespie.loop$2::MeanS::-1",
      "domain": "array",
      "domain_constraints": "",
      "mutable": true
    },
    {
      "name": "@variable::SIR-Gillespie-SD::gillespie.loop$2::MeanI::-1",
      "domain": "array",
      "domain_constraints": "",
      "mutable": true
    },
    {
      "name": "@variable::SIR-Gillespie-SD::gillespie.loop$2::MeanR::-1",
      "domain": "array",
      "domain_constraints": "",
      "mutable": true
    },
    {
      "name": "@variable::SIR-Gillespie-SD::gillespie.loop$2::VarS::-1",
      "domain": "array",
      "domain_constraints": "",
      "mutable": true
    },
    {
      "name": "@variable::SIR-Gillespie-SD::gillespie.loop$2::VarI::-1",
      "domain": "array",
      "domain_constraints": "",
      "mutable": true
    },
    {
      "name": "@variable::SIR-Gillespie-SD::gillespie.loop$2::VarR::-1",
      "domain": "array",
      "domain_constraints": "",
      "mutable": true
    },
    {
      "name": "@variable::SIR-Gillespie-SD::gillespie.loop$2::samples::-1",
      "domain": "array",
      "domain_constraints": "",
      "mutable": true
    },
    {
      "name": "@variable::SIR-Gillespie-SD::gillespie.loop$2::beta::-1",
      "domain": "float",
      "domain_constraints": "(and (> v -infty) (< v infty)))",
      "mutable": false
    },
    {
      "name": "@variable::SIR-Gillespie-SD::gillespie.loop$2::gamma::-1",
      "domain": "float",
      "domain_constraints": "(and (> v -infty) (< v infty)))",
      "mutable": false
    },
    {
      "name": "@variable::SIR-Gillespie-SD::gillespie.loop$2::t::-1",
      "domain": "float",
      "domain_constraints": "(and (> v -infty) (< v infty)))",
      "mutable": false
    },
    {
      "name": "@variable::SIR-Gillespie-SD::gillespie.loop$2::n_S::-1",
      "domain": "float",
      "domain_constraints": "(and (> v -infty) (< v infty)))",
      "mutable": false
    },
    {
      "name": "@variable::SIR-Gillespie-SD::gillespie.loop$2::n_I::-1",
      "domain": "float",
      "domain_constraints": "(and (> v -infty) (< v infty)))",
      "mutable": false
    },
    {
      "name": "@variable::SIR-Gillespie-SD::gillespie.loop$2::n_R::-1",
      "domain": "float",
      "domain_constraints": "(and (> v -infty) (< v infty)))",
      "mutable": false
    },
    {
      "name": "@variable::SIR-Gillespie-SD::gillespie.loop$2::sample_idx::-1",
      "domain": "float",
      "domain_constraints": "(and (> v -infty) (< v infty)))",
      "mutable": false
    },
    {
      "name": "@variable::SIR-Gillespie-SD::gillespie.loop$2::IF_0::0",
      "domain": "float",
      "domain_constraints": "(and (> v -infty) (< v infty)))",
      "mutable": false
    },
    {
      "name": "@variable::SIR-Gillespie-SD::gillespie.loop$2::BK::0",
      "domain": "float",
      "domain_constraints": "(and (> v -infty) (< v infty)))",
      "mutable": false
    },
    {
      "name": "@variable::SIR-Gillespie-SD::gillespie.loop$2::rateInfect::0",
      "domain": "float",
      "domain_constraints": "(and (> v -infty) (< v infty)))",
      "mutable": false
    },
    {
      "name": "@variable::SIR-Gillespie-SD::gillespie.loop$2::rateRecover::0",
      "domain": "float",
      "domain_constraints": "(and (> v -infty) (< v infty)))",
      "mutable": false
    },
    {
      "name": "@variable::SIR-Gillespie-SD::gillespie.loop$2::totalRates::0",
      "domain": "float",
      "domain_constraints": "(and (> v -infty) (< v infty)))",
      "mutable": false
    },
    {
      "name": "@variable::SIR-Gillespie-SD::gillespie.loop$2::randval::0",
      "domain": "float",
      "domain_constraints": "(and (> v -infty) (< v infty)))",
      "mutable": false
    },
    {
      "name": "@variable::SIR-Gillespie-SD::gillespie.loop$2::dt::0",
      "domain": "float",
      "domain_constraints": "(and (> v -infty) (< v infty)))",
      "mutable": false
    },
    {
      "name": "@variable::SIR-Gillespie-SD::gillespie.loop$2::t::0",
      "domain": "float",
      "domain_constraints": "(and (> v -infty) (< v infty)))",
      "mutable": false
    },
    {
      "name": "@variable::SIR-Gillespie-SD::gillespie.loop$2::MeanS::0",
      "domain": "array",
      "domain_constraints": "",
      "mutable": true
    },
    {
      "name": "@variable::SIR-Gillespie-SD::gillespie.loop$2::MeanI::0",
      "domain": "array",
      "domain_constraints": "",
      "mutable": true
    },
    {
      "name": "@variable::SIR-Gillespie-SD::gillespie.loop$2::MeanR::0",
      "domain": "array",
      "domain_constraints": "",
      "mutable": true
    },
    {
      "name": "@variable::SIR-Gillespie-SD::gillespie.loop$2::VarS::0",
      "domain": "array",
      "domain_constraints": "",
      "mutable": true
    },
    {
      "name": "@variable::SIR-Gillespie-SD::gillespie.loop$2::VarI::0",
      "domain": "array",
      "domain_constraints": "",
      "mutable": true
    },
    {
      "name": "@variable::SIR-Gillespie-SD::gillespie.loop$2::VarR::0",
      "domain": "array",
      "domain_constraints": "",
      "mutable": true
    },
    {
      "name": "@variable::SIR-Gillespie-SD::gillespie.loop$2::sample_idx::0",
      "domain": "float",
      "domain_constraints": "(and (> v -infty) (< v infty)))",
      "mutable": false
    },
    {
      "name": "@variable::SIR-Gillespie-SD::gillespie.loop$2::randval::1",
      "domain": "float",
      "domain_constraints": "(and (> v -infty) (< v infty)))",
      "mutable": false
    },
    {
      "name": "@variable::SIR-Gillespie-SD::gillespie.loop$2::IF_1::0",
      "domain": "float",
      "domain_constraints": "(and (> v -infty) (< v infty)))",
      "mutable": false
    },
    {
      "name": "@variable::SIR-Gillespie-SD::gillespie.loop$2::n_S::0",
      "domain": "float",
      "domain_constraints": "(and (> v -infty) (< v infty)))",
      "mutable": false
    },
    {
      "name": "@variable::SIR-Gillespie-SD::gillespie.loop$2::n_I::0",
      "domain": "float",
      "domain_constraints": "(and (> v -infty) (< v infty)))",
      "mutable": false
    },
    {
      "name": "@variable::SIR-Gillespie-SD::gillespie.loop$2::n_S::1",
      "domain": "float",
      "domain_constraints": "(and (> v -infty) (< v infty)))",
      "mutable": false
    },
    {
      "name": "@variable::SIR-Gillespie-SD::gillespie.loop$2::n_I::1",
      "domain": "float",
      "domain_constraints": "(and (> v -infty) (< v infty)))",
      "mutable": false
    },
    {
      "name": "@variable::SIR-Gillespie-SD::gillespie.loop$2::n_I::2",
      "domain": "float",
      "domain_constraints": "(and (> v -infty) (< v infty)))",
      "mutable": false
    },
    {
      "name": "@variable::SIR-Gillespie-SD::gillespie.loop$2::n_R::0",
      "domain": "float",
      "domain_constraints": "(and (> v -infty) (< v infty)))",
      "mutable": false
    },
    {
      "name": "@variable::SIR-Gillespie-SD::gillespie.loop$2::n_I::3",
      "domain": "float",
      "domain_constraints": "(and (> v -infty) (< v infty)))",
      "mutable": false
    },
    {
      "name": "@variable::SIR-Gillespie-SD::gillespie.loop$2::n_R::1",
      "domain": "float",
      "domain_constraints": "(and (> v -infty) (< v infty)))",
      "mutable": false
    },
    {
      "name": "@variable::SIR-Gillespie-SD::gillespie.loop$3::Tmax::-1",
      "domain": "float",
      "domain_constraints": "(and (> v -infty) (< v infty)))",
      "mutable": false
    },
    {
      "name": "@variable::SIR-Gillespie-SD::gillespie.loop$3::MeanS::-1",
      "domain": "array",
      "domain_constraints": "",
      "mutable": true
    },
    {
      "name": "@variable::SIR-Gillespie-SD::gillespie.loop$3::MeanI::-1",
      "domain": "array",
      "domain_constraints": "",
      "mutable": true
    },
    {
      "name": "@variable::SIR-Gillespie-SD::gillespie.loop$3::MeanR::-1",
      "domain": "array",
      "domain_constraints": "",
      "mutable": true
    },
    {
      "name": "@variable::SIR-Gillespie-SD::gillespie.loop$3::VarS::-1",
      "domain": "array",
      "domain_constraints": "",
      "mutable": true
    },
    {
      "name": "@variable::SIR-Gillespie-SD::gillespie.loop$3::VarI::-1",
      "domain": "array",
      "domain_constraints": "",
      "mutable": true
    },
    {
      "name": "@variable::SIR-Gillespie-SD::gillespie.loop$3::VarR::-1",
      "domain": "array",
      "domain_constraints": "",
      "mutable": true
    },
    {
      "name": "@variable::SIR-Gillespie-SD::gillespie.loop$3::samples::-1",
      "domain": "array",
      "domain_constraints": "",
      "mutable": true
    },
    {
      "name": "@variable::SIR-Gillespie-SD::gillespie.loop$3::t::-1",
      "domain": "float",
      "domain_constraints": "(and (> v -infty) (< v infty)))",
      "mutable": false
    },
    {
      "name": "@variable::SIR-Gillespie-SD::gillespie.loop$3::n_S::-1",
      "domain": "float",
      "domain_constraints": "(and (> v -infty) (< v infty)))",
      "mutable": false
    },
    {
      "name": "@variable::SIR-Gillespie-SD::gillespie.loop$3::n_I::-1",
      "domain": "float",
      "domain_constraints": "(and (> v -infty) (< v infty)))",
      "mutable": false
    },
    {
      "name": "@variable::SIR-Gillespie-SD::gillespie.loop$3::n_R::-1",
      "domain": "float",
      "domain_constraints": "(and (> v -infty) (< v infty)))",
      "mutable": false
    },
    {
      "name": "@variable::SIR-Gillespie-SD::gillespie.loop$3::runs::-1",
      "domain": "float",
      "domain_constraints": "(and (> v -infty) (< v infty)))",
      "mutable": false
    },
    {
      "name": "@variable::SIR-Gillespie-SD::gillespie.loop$3::sample_idx::-1",
      "domain": "float",
      "domain_constraints": "(and (> v -infty) (< v infty)))",
      "mutable": false
    },
    {
      "name": "@variable::SIR-Gillespie-SD::gillespie.loop$3::IF_0::0",
      "domain": "float",
      "domain_constraints": "(and (> v -infty) (< v infty)))",
      "mutable": false
    },
    {
      "name": "@variable::SIR-Gillespie-SD::gillespie.loop$3::BK::0",
      "domain": "float",
      "domain_constraints": "(and (> v -infty) (< v infty)))",
      "mutable": false
    },
    {
      "name": "@variable::SIR-Gillespie-SD::gillespie.loop$3::sample::0",
      "domain": "float",
      "domain_constraints": "(and (> v -infty) (< v infty)))",
      "mutable": false
    },
    {
      "name": "@variable::SIR-Gillespie-SD::gillespie.loop$3::MeanS::0",
      "domain": "array",
      "domain_constraints": "",
      "mutable": true
    },
    {
      "name": "@variable::SIR-Gillespie-SD::gillespie.loop$3::VarS::0",
      "domain": "array",
      "domain_constraints": "",
      "mutable": true
    },
    {
      "name": "@variable::SIR-Gillespie-SD::gillespie.loop$3::MeanI::0",
      "domain": "array",
      "domain_constraints": "",
      "mutable": true
    },
    {
      "name": "@variable::SIR-Gillespie-SD::gillespie.loop$3::VarI::0",
      "domain": "array",
      "domain_constraints": "",
      "mutable": true
    },
    {
      "name": "@variable::SIR-Gillespie-SD::gillespie.loop$3::MeanR::0",
      "domain": "array",
      "domain_constraints": "",
      "mutable": true
    },
    {
      "name": "@variable::SIR-Gillespie-SD::gillespie.loop$3::VarR::0",
      "domain": "array",
      "domain_constraints": "",
      "mutable": true
    },
    {
      "name": "@variable::SIR-Gillespie-SD::gillespie.loop$3::sample_idx::0",
      "domain": "float",
      "domain_constraints": "(and (> v -infty) (< v infty)))",
      "mutable": false
    },
    {
      "name": "@variable::SIR-Gillespie-SD::gillespie.loop$4::Tmax::-1",
      "domain": "float",
      "domain_constraints": "(and (> v -infty) (< v infty)))",
      "mutable": false
    },
    {
      "name": "@variable::SIR-Gillespie-SD::gillespie.loop$4::MeanS::-1",
      "domain": "array",
      "domain_constraints": "",
      "mutable": true
    },
    {
      "name": "@variable::SIR-Gillespie-SD::gillespie.loop$4::MeanI::-1",
      "domain": "array",
      "domain_constraints": "",
      "mutable": true
    },
    {
      "name": "@variable::SIR-Gillespie-SD::gillespie.loop$4::MeanR::-1",
      "domain": "array",
      "domain_constraints": "",
      "mutable": true
    },
    {
      "name": "@variable::SIR-Gillespie-SD::gillespie.loop$4::VarS::-1",
      "domain": "array",
      "domain_constraints": "",
      "mutable": true
    },
    {
      "name": "@variable::SIR-Gillespie-SD::gillespie.loop$4::VarI::-1",
      "domain": "array",
      "domain_constraints": "",
      "mutable": true
    },
    {
      "name": "@variable::SIR-Gillespie-SD::gillespie.loop$4::VarR::-1",
      "domain": "array",
      "domain_constraints": "",
      "mutable": true
    },
    {
      "name": "@variable::SIR-Gillespie-SD::gillespie.loop$4::samples::-1",
      "domain": "array",
      "domain_constraints": "",
      "mutable": true
    },
    {
      "name": "@variable::SIR-Gillespie-SD::gillespie.loop$4::t::-1",
      "domain": "float",
      "domain_constraints": "(and (> v -infty) (< v infty)))",
      "mutable": false
    },
    {
      "name": "@variable::SIR-Gillespie-SD::gillespie.loop$4::n_S::-1",
      "domain": "float",
      "domain_constraints": "(and (> v -infty) (< v infty)))",
      "mutable": false
    },
    {
      "name": "@variable::SIR-Gillespie-SD::gillespie.loop$4::n_I::-1",
      "domain": "float",
      "domain_constraints": "(and (> v -infty) (< v infty)))",
      "mutable": false
    },
    {
      "name": "@variable::SIR-Gillespie-SD::gillespie.loop$4::n_R::-1",
      "domain": "float",
      "domain_constraints": "(and (> v -infty) (< v infty)))",
      "mutable": false
    },
    {
      "name": "@variable::SIR-Gillespie-SD::gillespie.loop$4::runs::-1",
      "domain": "float",
      "domain_constraints": "(and (> v -infty) (< v infty)))",
      "mutable": false
    },
    {
      "name": "@variable::SIR-Gillespie-SD::gillespie.loop$4::sample_idx::-1",
      "domain": "float",
      "domain_constraints": "(and (> v -infty) (< v infty)))",
      "mutable": false
    },
    {
      "name": "@variable::SIR-Gillespie-SD::gillespie.loop$4::IF_0::0",
      "domain": "float",
      "domain_constraints": "(and (> v -infty) (< v infty)))",
      "mutable": false
    },
    {
      "name": "@variable::SIR-Gillespie-SD::gillespie.loop$4::BK::0",
      "domain": "float",
      "domain_constraints": "(and (> v -infty) (< v infty)))",
      "mutable": false
    },
    {
      "name": "@variable::SIR-Gillespie-SD::gillespie.loop$4::sample::0",
      "domain": "float",
      "domain_constraints": "(and (> v -infty) (< v infty)))",
      "mutable": false
    },
    {
      "name": "@variable::SIR-Gillespie-SD::gillespie.loop$4::MeanS::0",
      "domain": "array",
      "domain_constraints": "",
      "mutable": true
    },
    {
      "name": "@variable::SIR-Gillespie-SD::gillespie.loop$4::VarS::0",
      "domain": "array",
      "domain_constraints": "",
      "mutable": true
    },
    {
      "name": "@variable::SIR-Gillespie-SD::gillespie.loop$4::MeanI::0",
      "domain": "array",
      "domain_constraints": "",
      "mutable": true
    },
    {
      "name": "@variable::SIR-Gillespie-SD::gillespie.loop$4::VarI::0",
      "domain": "array",
      "domain_constraints": "",
      "mutable": true
    },
    {
      "name": "@variable::SIR-Gillespie-SD::gillespie.loop$4::MeanR::0",
      "domain": "array",
      "domain_constraints": "",
      "mutable": true
    },
    {
      "name": "@variable::SIR-Gillespie-SD::gillespie.loop$4::VarR::0",
      "domain": "array",
      "domain_constraints": "",
      "mutable": true
    },
    {
      "name": "@variable::SIR-Gillespie-SD::gillespie.loop$4::sample_idx::0",
      "domain": "float",
      "domain_constraints": "(and (> v -infty) (< v infty)))",
      "mutable": false
    }
  ],
  "containers": [
    {
      "name": "@container::SIR-Gillespie-SD::@global::main",
      "repeat": false,
      "arguments": [],
      "updated": [],
      "return_value": null,
      "body": [
        {
          "function": {
            "name": "SIR_Gillespie_SD__main__assign__S0__0",
            "type": "lambda_source"
          },
          "input": [],
          "output": "@variable::S0::0",
          "updated": []
        },
        {
          "function": {
            "name": "SIR_Gillespie_SD__main__assign__I0__0",
            "type": "lambda_source"
          },
          "input": [],
          "output": "@variable::I0::0",
          "updated": []
        },
        {
          "function": {
            "name": "SIR_Gillespie_SD__main__assign__R0__0",
            "type": "lambda_source"
          },
          "input": [],
          "output": "@variable::R0::0",
          "updated": []
        },
        {
          "function": {
            "name": "SIR_Gillespie_SD__main__assign__Tmax__0",
            "type": "lambda_source"
          },
          "input": [],
          "output": "SIR-Gillespie-SD:main::Tmax::0",
          "updated": []
        },
        {
          "function": {
            "name": "SIR_Gillespie_SD__main__assign__MeanS__0",
            "type": "lambda_source"
          },
          "input": [
            "@variable::Tmax::0"
          ],
          "output": "@variable::MeanS::0",
          "updated": []
        },
        {
          "function": {
            "name": "SIR_Gillespie_SD__main__assign__MeanI__0",
            "type": "lambda_source"
          },
          "input": [
            "@variable::Tmax::0"
          ],
          "output": "@variable::MeanI::0",
          "updated": []
        },
        {
          "function": {
            "name": "SIR_Gillespie_SD__main__assign__MeanR__0",
            "type": "lambda_source"
          },
          "input": [
            "@variable::Tmax::0"
          ],
          "output": "@variable::MeanR::0",
          "updated": []
        },
        {
          "function": {
            "name": "SIR_Gillespie_SD__main__assign__VarS__0",
            "type": "lambda_source"
          },
          "input": [
            "@variable::Tmax::0"
          ],
          "output": "@variable::VarS::0",
          "updated": []
        },
        {
          "function": {
            "name": "SIR_Gillespie_SD__main__assign__VarI__0",
            "type": "lambda_source"
          },
          "input": [
            "@variable::Tmax::0"
          ],
          "output": "@variable::VarI::0",
          "updated": []
        },
        {
          "function": {
            "name": "SIR_Gillespie_SD__main__assign__VarR__0",
            "type": "lambda_source"
          },
          "input": [
            "@variable::Tmax::0"
          ],
          "output": "@variable::VarR::0",
          "updated": []
        },
        {
          "function": {
            "name": "@container::SIR-Gillespie-SD::@global::gillespie",
            "type": "function_name"
          },
          "updated": [
            "@variable::MeanS::1",
            "@variable::MeanI::1",
            "@variable::MeanR::1",
            "@variable::VarS::1",
            "@variable::VarI::1",
            "@variable::VarR::1"
          ],
          "input": [
            "@variable::S0::0",
            "@variable::I0::0",
            "@variable::R0::0",
            "@variable::MeanS::0",
            "@variable::MeanI::0",
            "@variable::MeanR::0",
            "@variable::VarS::0",
            "@variable::VarI::0",
            "@variable::VarR::0"
          ],
          "output": null
        }
      ]
    },
    {
      "name": "@container::SIR-Gillespie-SD::@global::gillespie",
      "repeat": false,
      "arguments": [
        "@variable::S0::-1",
        "@variable::I0::-1",
        "@variable::R0::-1",
        "@variable::MeanS::-1",
        "@variable::MeanI::-1",
        "@variable::MeanR::-1",
        "@variable::VarS::-1",
        "@variable::VarI::-1",
        "@variable::VarR::-1"
      ],
      "updated": [],
      "return_value": null,
      "body": [
        {
          "function": {
            "name": "SIR_Gillespie_SD__gillespie__assign__Tmax__0",
            "type": "lambda_source"
          },
          "input": [],
          "output": "@variable::Tmax::0",
          "updated": []
        },
        {
          "function": {
            "name": "SIR_Gillespie_SD__gillespie__assign__total_runs__0",
            "type": "lambda_source"
          },
          "input": [],
          "output": "@variable::total_runs::0",
          "updated": []
        },
        {
          "function": {
            "name": "SIR_Gillespie_SD__gillespie__assign__gamma__0",
            "type": "lambda_source"
          },
          "input": [],
          "output": "@variable::gamma::0",
          "updated": []
        },
        {
          "function": {
            "name": "SIR_Gillespie_SD__gillespie__assign__rho__0",
            "type": "lambda_source"
          },
          "input": [],
          "output": "@variable::rho::0",
          "updated": []
        },
        {
          "function": {
            "name": "SIR_Gillespie_SD__gillespie__assign__beta__0",
            "type": "lambda_source"
          },
          "input": [
            "@variable::rho::0",
            "@variable::gamma::0"
          ],
          "output": "@variable::beta::0",
          "updated": []
        },
        {
          "function": {
            "name": "SIR_Gillespie_SD__gillespie__assign__samples__0",
            "type": "lambda_source"
          },
          "input": [
            "@variable::Tmax::0"
          ],
          "output": "@variable::samples::0",
          "updated": []
        },
        {
          "function": {
            "name": "@container::SIR-Gillespie-SD::gillespie::gillespie.loop$0",
            "type": "function_name"
          },
          "output": null,
          "input": [
            "@variable::Tmax::0",
            "@variable::MeanS::-1",
            "@variable::MeanI::-1",
            "@variable::MeanR::-1",
            "@variable::VarS::-1",
            "@variable::VarI::-1",
            "@variable::VarR::-1",
            "@variable::samples::0"
          ],
          "updated": [
            "@variable::MeanS::0",
            "@variable::MeanI::0",
            "@variable::MeanR::0",
            "@variable::VarS::0",
            "@variable::VarI::0",
            "@variable::VarR::0",
            "@variable::samples::1"
          ]
        },
        {
          "function": {
            "name": "SIR_Gillespie_SD__gillespie__assign__n_samples__0",
            "type": "lambda_source"
          },
          "input": [],
          "output": "@variable::n_samples::0",
          "updated": []
        },
        {
          "function": {
            "name": "@container::SIR-Gillespie-SD::gillespie::pyrand",
            "type": "function_name"
          },
          "output": "@variable::randval::0",
          "input": [
            "@literal::boolean::true"
          ],
          "updated": []
        },
        {
          "function": {
            "name": "@container::SIR-Gillespie-SD::gillespie::loop$1",
            "type": "function_name"
          },
          "output": null,
          "input": [
            "@variable::total_runs::0",
            "@variable::S0::-1",
            "@variable::I0::-1",
            "@variable::R0::-1",
            "@variable::Tmax::0",
            "@variable::beta::0",
            "@variable::gamma::0",
            "@variable::samples::1",
            "@variable::MeanS::0",
            "@variable::MeanI::0",
            "@variable::MeanR::0",
            "@variable::VarS::0",
            "@variable::VarI::0",
            "@variable::VarR::0"
          ],
          "updated": [
            "@variable::MeanS::1",
            "@variable::MeanI::1",
            "@variable::MeanR::1",
            "@variable::VarS::1",
            "@variable::VarI::1",
            "@variable::VarR::1"
          ]
        }
      ]
    },
    {
      "name": "@container::SIR-Gillespie-SD::@global::update_mean_var",
      "repeat": false,
      "arguments": [
        "@variable::means::-1",
        "@variable::vars::-1",
        "@variable::k::-1",
        "@variable::n::-1",
        "@variable::runs::-1"
      ],
      "updated": [
        "@variable::means::0",
        "@variable::vars::0"
      ],
      "return_value": null,
      "body": [
        {
          "function": {
            "name": "SIR_Gillespie_SD__update_mean_var__assign__Tmax__0",
            "type": "lambda_source"
          },
          "input": [],
          "output": "@variable::Tmax::0",
          "updated": []
        },
        {
          "function": {
            "name": "SIR_Gillespie_SD__update_mean_var__assign__means_k__0",
            "type": "lambda_source"
          },
          "input": [
            "@variable::means::-1",
            "@variabl::n::-1",
            "@variable::k::-1",
            "@variable::runs::-1"
          ],
          "output": "@variable::means_k::0",
          "updated": []
        },
        {
          "function": {
            "name": "SIR_Gillespie_SD__update_mean_var__assign__vars_k__0",
            "type": "lambda_source"
          },
          "input": [
            "@variable::vars::-1",
            "@variable::means_k::0",
            "@variable::n::-1",
            "@variable::k::-1",
            "@variable::runs::-1"
          ],
          "output": "@variable::vars_k::0",
          "updated": []
        }
      ]
    },
    {
      "name": "@container::SIR-Gillespie-SD::@global::pyrand",
      "repeat": false,
      "arguments": [
        "@variable::do_init::-1"
      ],
      "updated": [],
      "return_value": "@variable::retval::2",
      "body": [
        {
          "function": {
            "name": "SIR_Gillespie_SD__pyrand__condition__IF_0__0",
            "type": "lambda_source"
          },
          "input": [
            "@variable::do_init::-1"
          ],
          "output": "@variable::IF_0::0",
          "updated": []
        },
        {
          "function": {
            "name": "SIR_Gillespie_SD__pyrand__assign__retval__0",
            "type": "lambda_source"
          },
          "input": [],
          "output": "@variable::retval::0",
          "updated": []
        },
        {
          "function": {
            "name": "SIR_Gillespie_SD__pyrand__assign__retval__1",
            "type": "lambda_source"
          },
          "input": [],
          "output": "@variable::retval::1",
          "updated": []
        },
        {
          "function": {
            "name": "SIR_Gillespie_SD__pyrand__decision__retval__2",
            "type": "lambda_source"
          },
          "input": [
            "@variable::retval::0",
            "@variable::retval::1",
            "@variable::IF_0::0"
          ],
          "output": "@variable::retval::2",
          "updated": []
        }
      ]
    },
    {
      "name": "@container::SIR-Gillespie-SD::gillespie::loop$0",
      "repeat": true,
      "arguments": [
        "@variable::Tmax::-1",
        "@variable::MeanS::-1",
        "@variable::MeanI::-1",
        "@variable::MeanR::-1",
        "@variable::VarS::-1",
        "@variable::VarI::-1",
        "@variable::VarR::-1",
        "@variable::samples::-1"
      ],
      "updated": [
        "@variable::MeanS::0",
        "@variable::MeanI::0",
        "@variable::MeanR::0",
        "@variable::VarS::0",
        "@variable::VarI::0",
        "@variable::VarR::0",
        "@variable::samples::0"
      ],
      "return_value": null,
      "body": [
        {
          "function": {
            "name": "SIR_Gillespie_SD__gillespie__loop_0__assign__i__0",
            "type": "lambda_source"
          },
          "input": [],
          "output": "@variable::i::0",
          "updated": []
        },
        {
          "function": {
            "name": "SIR_Gillespie_SD__gillespie__loop_0__condition__IF_0__0",
            "type": "lambda_source"
          },
          "input": [
            "@variable::i::0",
            "@variable::Tmax::-1"
          ],
          "output": "@variable::IF_0::0",
          "updated": []
        },
        {
          "function": {
            "name": "SIR_Gillespie_SD__gillespie__loop_0__decision__BK__0",
            "type": "lambda_source"
          },
          "input": [
            "@variable::IF_0::0"
          ],
          "output": "@variable::BK::0",
          "updated": []
        },
        {
          "function": {
            "name": "SIR_Gillespie_SD__gillespie__loop_0__assign__MeanS_i__0",
            "type": "lambda_source"
          },
          "input": [
            "@variable::i::0",
            "@variable::MeanS::-1"
          ],
          "output": "@variable::MeanS_i::0",
          "updated": []
        },
        {
          "function": {
            "name": "SIR_Gillespie_SD__gillespie__loop_0__assign__MeanI_i__0",
            "type": "lambda_source"
          },
          "input": [
            "@variable::i::0",
            "@variable::MeanI::-1"
          ],
          "output": "@variable::MeanI_i::0",
          "updated": []
        },
        {
          "function": {
            "name": "SIR_Gillespie_SD__gillespie__loop_0__assign__MeanR_i__0",
            "type": "lambda_source"
          },
          "input": [
            "@variable::i::0",
            "@variable::MeanR::-1"
          ],
          "output": "@variable::MeanR_i::0",
          "updated": []
        },
        {
          "function": {
            "name": "SIR_Gillespie_SD__gillespie__loop_0__assign__VarS_i__0",
            "type": "lambda_source"
          },
          "input": [
            "@variable::i::0",
            "@variable::VarS::-1"
          ],
          "output": "@variable::VarS_i::0",
          "updated": []
        },
        {
          "function": {
            "name": "SIR_Gillespie_SD__gillespie__loop_0__assign__VarI_i__0",
            "type": "lambda_source"
          },
          "input": [
            "@variable::i::0",
            "@variable::VarI::-1"
          ],
          "output": "@variable::VarI_i::0",
          "updated": []
        },
        {
          "function": {
            "name": "SIR_Gillespie_SD__gillespie__loop_0__assign__VarR_i__0",
            "type": "lambda_source"
          },
          "input": [
            "@variable::i::0",
            "@variable::VarR::-1"
          ],
          "output": "@variable::VarR_i::0",
          "updated": []
        },
        {
          "function": {
            "name": "SIR_Gillespie_SD__gillespie__loop_0__assign__samples_i__0",
            "type": "lambda_source"
          },
          "input": [
            "@variable::i::0",
            "@variable::samples::-1"
          ],
          "output": "@variable::samples_i::0",
          "updated": []
        },
        {
          "function": {
            "name": "SIR_Gillespie_SD__gillespie__loop_0__assign__i__1",
            "type": "lambda_source"
          },
          "input": [
            "@variable::i::0"
          ],
          "output": "@variable::i::1",
          "updated": []
        }
      ]
    },
    {
      "name": "@container::SIR-Gillespie-SD::gillespie::loop$1",
      "repeat": true,
      "arguments": [
        "@variable::Tmax::-1",
        "@variable::MeanS::-1",
        "@variable::MeanI::-1",
        "@variable::MeanR::-1",
        "@variable::VarS::-1",
        "@variable::VarI::-1",
        "@variable::VarR::-1",
        "@variable::samples::-1",
        "@variable::S0::-1",
        "@variable::I0::-1",
        "@variable::R0::-1",
        "@variable::beta::-1",
        "@variable::gamma::-1",
        "@variable::total_runs::-1"
      ],
      "updated": [
        "@variable::MeanS::-1",
        "@variable::MeanI::-1",
        "@variable::MeanR::-1",
        "@variable::VarS::-1",
        "@variable::VarI::-1",
        "@variable::VarR::-1"
      ],
      "return_value": null,
      "body": [
        {
          "function": {
            "name": "SIR_Gillespie_SD__gillespie__loop_1__assign__runs__0",
            "type": "lambda_source"
          },
          "input": [],
          "output": "@variable::runs::0",
          "updated": []
        },
        {
          "function": {
            "name": "SIR_Gillespie_SD__gillespie__loop_1__condition__IF_0__0",
            "type": "lambda_source"
          },
          "input": [
            "@variable::runs::0",
            "@variable::total_runs::-1"
          ],
          "output": "@variable::IF_0::0",
          "updated": []
        },
        {
          "function": {
            "name": "SIR_Gillespie_SD__gillespie__loop_1__decision__BK__0",
            "type": "lambda_source"
          },
          "input": [
            "@variable::IF_0::0"
          ],
          "output": "@variable::BK::0",
          "updated": []
        },
        {
          "function": {
            "name": "SIR_Gillespie_SD__gillespie__loop_1__assign__t__0",
            "type": "lambda_source"
          },
          "input": [],
          "output": "@variable::t::0",
          "updated": []
        },
        {
          "function": {
            "name": "SIR_Gillespie_SD__gillespie__loop_1__assign__n_S__0",
            "type": "lambda_source"
          },
          "input": [
            "@variable::S0::-1"
          ],
          "output": "@variable::n_S::0",
          "updated": []
        },
        {
          "function": {
            "name": "SIR_Gillespie_SD__gillespie__loop_1__assign__n_I__0",
            "type": "lambda_source"
          },
          "input": [
            "@variable::I0::-1"
          ],
          "output": "@variable::n_I::0",
          "updated": []
        },
        {
          "function": {
            "name": "SIR_Gillespie_SD__gillespie__loop_1__assign__n_R__0",
            "type": "lambda_source"
          },
          "input": [
            "@variable::R0::-1"
          ],
          "output": "@variable::n_R::0",
          "updated": []
        },
        {
          "function": {
            "name": "SIR_Gillespie_SD__gillespie__loop_1__assign__sample_idx__0",
            "type": "lambda_source"
          },
          "input": [],
          "output": "@variable::sample_idx::0",
          "updated": []
        },
        {
          "function": {
            "name": "@container::SIR-Gillespie-SD::gillespie.loop$1::loop$2",
            "type": "function_name"
          },
          "input": [
            "@variable::Tmax::-1",
            "@variable::MeanS::-1",
            "@variable::MeanI::-1",
            "@variable::MeanR::-1",
            "@variable::VarS::-1",
            "@variable::VarI::-1",
            "@variable::VarR::-1",
            "@variable::beta::-1",
            "@variable::gamma::-1",
            "@variable::t::0",
            "@variable::n_S::0",
            "@variable::n_I::0",
            "@variable::n_R::0",
            "@variable::sample_idx::0"
          ],
          "output": null,
          "updated": [
            "@variable::MeanS::0",
            "@variable::MeanI::0",
            "@variable::MeanR::0",
            "@variable::VarS::0",
            "@variable::VarI::0",
            "@variable::VarR::0",
            "@variable::n_S::1",
            "@variable::n_I::1",
            "@variable::n_R::1",
            "@variable::sample_idx::1"
          ]
        },
        {
          "function": {
            "name": "@container::SIR-Gillespie-SD::gillespie.loop$1::loop$4",
            "type": "function_name"
          },
          "input": [
            "@variable::Tmax::-1",
            "@variable::runs::0",
            "@variable::MeanS::0",
            "@variable::MeanI::0",
            "@variable::MeanR::0",
            "@variable::VarS::0",
            "@variable::VarI::0",
            "@variable::VarR::0",
            "@variable::samples::-1",
            "@variable::sample_idx::1",
            "@variable::n_S::1",
            "@variable::n_I::1",
            "@variable::n_R::1"
          ],
          "output": null,
          "updated": [
            "@variable::MeanS::1",
            "@variable::MeanI::1",
            "@variable::MeanR::1",
            "@variable::VarS::1",
            "@variable::VarI::1",
            "@variable::VarR::1",
            "@variable::sample_idx::2"
          ]
        },
        {
          "function": {
            "name": "SIR_Gillespie_SD__gillespie__loop_1__assign__runs__1",
            "type": "lambda_source"
          },
          "input": [
            "@variable::runs::0"
          ],
          "output": "@variable::runs::1",
          "updated": []
        }
      ]
    },
    {
      "name": "@container::SIR-Gillespie-SD::gillespie.loop$1::loop$2",
      "repeat": true,
      "arguments": [
        "@variable::Tmax::-1",
        "@variable::MeanS::-1",
        "@variable::MeanI::-1",
        "@variable::MeanR::-1",
        "@variable::VarS::-1",
        "@variable::VarI::-1",
        "@variable::VarR::-1",
        "@variable::samples::-1",
        "@variable::beta::-1",
        "@variable::gamma::-1",
        "@variable::t::-1",
        "@variable::n_S::-1",
        "@variable::n_I::-1",
        "@variable::n_R::-1",
        "@variable::sample_idx::-1"
      ],
      "updated": [
        "@variable::t::0",
        "@variable::MeanS::0",
        "@variable::MeanI::0",
        "@variable::MeanR::0",
        "@variable::VarS::0",
        "@variable::VarI::0",
        "@variable::VarR::0",
        "@variable::sample_idx::0",
        "@variable::n_S::1",
        "@variable::n_I::3",
        "@variable::n_R::1"
      ],
      "return_value": null,
      "body": [
        {
          "function": {
            "name": "SIR_Gillespie_SD__gillespie__loop_2__condition__IF_0__0",
            "type": "lambda_source"
          },
          "input": [
            "@variable::t::-1",
            "@variable::Tmax::-1",
            "@variable::n_I::-1"
          ],
          "output": "@variable::IF_0::0",
          "updated": []
        },
        {
          "function": {
            "name": "SIR_Gillespie_SD__gillespie__loop_2__decision__BK__0",
            "type": "lambda_source"
          },
          "input": [
            "@variable::IF_0::0"
          ],
          "output": "@variable::BK::0",
          "updated": []
        },
        {
          "function": {
            "name": "SIR_Gillespie_SD__gillespie__loop_2__assign__rateInfect__0",
            "type": "lambda_source"
          },
          "input": [
            "@variable::beta::-1",
            "@variable::n_S::-1",
            "@variable::n_I::-1",
            "@variable::n_R::-1"
          ],
          "output": "@variable::rateInfect::0",
          "updated": []
        },
        {
          "function": {
            "name": "SIR_Gillespie_SD__gillespie__loop_2__assign__rateRecover__0",
            "type": "lambda_source"
          },
          "input": [
            "@variable::gamma::-1",
            "@variable::n_I::-1"
          ],
          "output": "@variable::rateRecover::0",
          "updated": []
        },
        {
          "function": {
            "name": "SIR_Gillespie_SD__gillespie__loop_2__assign__totalRates__0",
            "type": "lambda_source"
          },
          "input": [
            "@variable::rateInfect::0",
            "@variable::rateRecover::0"
          ],
          "output": "@variable::totalRates::0",
          "updated": []
        },
        {
          "function": {
            "name": "@container::SIR-Gillespie-SD::@global::pyrand",
            "type": "function_name"
          },
          "input": [
            "@literal::boolean::false"
          ],
          "output": "@variable::randval::0",
          "updated": []
        },
        {
          "function": {
            "name": "SIR_Gillespie_SD__gillespie__loop_2__assign__dt__0",
            "type": "lambda_source"
          },
          "input": [
            "@variable::randval::0",
            "@variable::totalRates::0"
          ],
          "output": "@variable::dt::0",
          "updated": []
        },
        {
          "function": {
            "name": "SIR_Gillespie_SD__gillespie__loop_2__assign__t__0",
            "type": "lambda_source"
          },
          "input": [
            "@variable::t::-1",
            "@variable::dt::0"
          ],
          "output": "@variable::t::0",
          "updated": []
        },
        {
          "function": {
            "name": "@container::SIR-Gillespie-SD::gillespie.loop$1.loop$2::loop$3",
            "type": "function_name"
          },
          "input": [
            "@variable::sample_idx::-1",
            "@variable::t::0",
            "@variable::Tmax::-1",
            "@variable::samples::-1",
            "@variable::MeanS::-1",
            "@variable::MeanI::-1",
            "@variable::MeanR::-1",
            "@variable::VarS::-1",
            "@variable::VarI::-1",
            "@variable::VarR::-1",
            "@variable::n_S::-1",
            "@variable::n_I::-1",
            "@variable::n_R::-1",
            "@variable::runs::-1"
          ],
          "output": null,
          "updated": [
            "@variable::MeanS::0",
            "@variable::MeanI::0",
            "@variable::MeanR::0",
            "@variable::VarS::0",
            "@variable::VarI::0",
            "@variable::VarR::0",
            "@variable::sample_idx::0"
          ]
        },
        {
          "function": {
            "name": "@container::SIR-Gillespie-SD::@global::pyrand",
            "type": "function_name"
          },
          "input": [
            "@literal::boolean::false"
          ],
          "output": "@variable::randval::1",
          "updated": []
        },
        {
          "function": {
            "name": "SIR_Gillespie_SD__gillespie__loop_2__condition__IF_1__0",
            "type": "lambda_source"
          },
          "input": [
            "@variable::randval::1",
            "@variable::rateInfect::0",
            "@variable::totalRates::0"
          ],
          "output": "@variable::IF_1::0",
          "updated": []
        },
        {
          "function": {
            "name": "SIR_Gillespie_SD__gillespie__loop_2__assign__n_S__0",
            "type": "lambda_source"
          },
          "input": [
            "@variable::n_S::-1"
          ],
          "output": "@variable::n_S::0",
          "updated": []
        },
        {
          "function": {
            "name": "SIR_Gillespie_SD__gillespie__loop_2__assign__n_I__0",
            "type": "lambda_source"
          },
          "input": [
            "@variable::n_I::-1"
          ],
          "output": "@variable::n_I::0",
          "updated": []
        },
        {
          "function": {
            "name": "SIR_Gillespie_SD__gillespie__loop_2__decision__n_S__1",
            "type": "lambda_source"
          },
          "input": [
            "@variable::n_S::-1",
            "@variable::n_S::0",
            "@variable::IF_1::0"
          ],
          "output": "@variable::n_S::1",
          "updated": []
        },
        {
          "function": {
            "name": "SIR_Gillespie_SD__gillespie__loop_2__decision__n_I__1",
            "type": "lambda_source"
          },
          "input": [
            "@variable::n_I::-1",
            "@variable::n_I::0",
            "@variable::IF_1::0"
          ],
          "output": "@variable::n_I::1",
          "updated": []
        },
        {
          "function": {
            "name": "SIR_Gillespie_SD__gillespie__loop_2__assign__n_I__2",
            "type": "lambda_source"
          },
          "input": [
            "@variable::n_I::-1"
          ],
          "output": "@variable::n_I::2",
          "updated": []
        },
        {
          "function": {
            "name": "SIR_Gillespie_SD__gillespie__loop_2__assign__n_R__0",
            "type": "lambda_source"
          },
          "input": [
            "@variable::n_R::-1"
          ],
          "output": "@variable::n_R::0",
          "updated": []
        },
        {
          "function": {
            "name": "SIR_Gillespie_SD__gillespie__loop_2__decision__n_I__3",
            "type": "lambda_source"
          },
          "input": [
            "@variable::n_I::-1",
            "@variable::n_I::2",
            "@variable::IF_1::0"
          ],
          "output": "@variable::n_I::3",
          "updated": []
        },
        {
          "function": {
            "name": "SIR_Gillespie_SD__gillespie__loop_2__decision__n_R__1",
            "type": "lambda_source"
          },
          "input": [
            "@variable::n_R::-1",
            "@variable::n_R::0",
            "@variable::IF_1::0"
          ],
          "output": "@variable::n_R::1",
          "updated": []
        }
      ]
    },
    {
      "name": "@container::SIR-Gillespie-SD::gillespie.loop$1.loop$2::loop$3",
      "repeat": true,
      "arguments": [
        "@variable::Tmax::-1",
        "@variable::MeanS::-1",
        "@variable::MeanI::-1",
        "@variable::MeanR::-1",
        "@variable::VarS::-1",
        "@variable::VarI::-1",
        "@variable::VarR::-1",
        "@variable::samples::-1",
        "@variable::t::-1",
        "@variable::n_S::-1",
        "@variable::n_I::-1",
        "@variable::n_R::-1",
        "@variable::runs::-1",
        "@variable::sample_idx::-1"
      ],
      "updated": [
        "@variable::MeanS::0",
        "@variable::MeanI::0",
        "@variable::MeanR::0",
        "@variable::VarS::0",
        "@variable::VarI::0",
        "@variable::VarR::0",
        "@variable::sample_idx::0"
      ],
      "return_value": null,
      "body": [
        {
          "function": {
            "name": "SIR_Gillespie_SD__gillespie__loop_3__condition__IF_0__0",
            "type": "lambda_source"
          },
          "input": [
            "@variable::sample_idx::-1",
            "@variable::Tmax::-1",
            "@variable::t::-1",
            "@variable::samples::-1"
          ],
          "output": "@variable::IF_0::0",
          "updated": []
        },
        {
          "function": {
            "name": "SIR_Gillespie_SD__gillespie__loop_3__decision__BK__0",
            "type": "lambda_source"
          },
          "input": [
            "@variable::IF_0::0"
          ],
          "output": "@variable::BK::0",
          "updated": []
        },
        {
          "function": {
            "name": "SIR_Gillespie_SD__gillespie__loop_3__assign__sample__0",
            "type": "lambda_source"
          },
          "input": [
            "@variable::samples::-1",
            "@variable::sample_idx::-1"
          ],
          "output": "@variable::sample::0",
          "updated": []
        },
        {
          "function": {
            "name": "@container::SIR-Gillespie-SD::@global::update_mean_var",
            "type": "function_name"
          },
          "input": [
            "@variable::MeanS::-1",
            "@variable::VarS::-1",
            "@variable::sample::0",
            "@variable::n_S::-1",
            "@variable::runs::-1"
          ],
          "output": null,
          "updated": [
            "@variable::MeanS::0",
            "@variable::VarS::0"
          ]
        },
        {
          "function": {
            "name": "@container::SIR-Gillespie-SD::@global::update_mean_var",
            "type": "function_name"
          },
          "input": [
            "@variable::MeanI::-1",
            "@variable::VarI::-1",
            "@variable::sample::0",
            "@variable::n_I::-1",
            "@variable::runs::-1"
          ],
          "output": null,
          "updated": [
            "@variable::MeanI::0",
            "@variable::VarI::0"
          ]
        },
        {
          "function": {
            "name": "@container::SIR-Gillespie-SD::@global::update_mean_var",
            "type": "function_name"
          },
          "input": [
            "@variable::MeanR::-1",
            "@variable::VarR::-1",
            "@variable::sample::0",
            "@variable::n_R::-1",
            "@variable::runs::-1"
          ],
          "output": null,
          "updated": [
            "@variable::MeanR::0",
            "@variable::VarR::0"
          ]
        },
        {
          "function": {
            "name": "SIR_Gillespie_SD__gillespie__loop_3__assign__sample_idx__0",
            "type": "lambda_source"
          },
          "input": [
            "@variable::sample_idx::-1"
          ],
          "output": "@variable::sample_idx::0",
          "updated": []
        }
      ]
    },
    {
      "name": "@container::SIR-Gillespie-SD::gillespie.loop$1::loop$4",
      "repeat": true,
      "arguments": [
        "@variable::Tmax::-1",
        "@variable::MeanS::-1",
        "@variable::MeanI::-1",
        "@variable::MeanR::-1",
        "@variable::VarS::-1",
        "@variable::VarI::-1",
        "@variable::VarR::-1",
        "@variable::samples::-1",
        "@variable::t::-1",
        "@variable::n_S::-1",
        "@variable::n_I::-1",
        "@variable::n_R::-1",
        "@variable::runs::-1",
        "@variable::sample_idx::-1"
      ],
      "updated": [
        "@variable::MeanS::0",
        "@variable::MeanI::0",
        "@variable::MeanR::0",
        "@variable::VarS::0",
        "@variable::VarI::0",
        "@variable::VarR::0",
        "@variable::sample_idx::0"
      ],
      "return_value": null,
      "body": [
        {
          "function": {
            "name": "SIR_Gillespie_SD__gillespie__loop_4__condition__IF_0__0",
            "type": "lambda_source"
          },
          "input": [
            "@variable::sample_idx::-1",
            "@variable::Tmax::-1"
          ],
          "output": "@variable::IF_0::0",
          "updated": []
        },
        {
          "function": {
            "name": "SIR_Gillespie_SD__gillespie__loop_4__decision__BK__0",
            "type": "lambda_source"
          },
          "input": [
            "@variable::IF_0::0"
          ],
          "output": "@variable::BK::0",
          "updated": []
        },
        {
          "function": {
            "name": "SIR_Gillespie_SD__gillespie__loop_4__assign__sample__0",
            "type": "lambda_source"
          },
          "input": [
            "@variable::samples::-1",
            "@variable::sample_idx::-1"
          ],
          "output": "@variable::sample::0",
          "updated": []
        },
        {
          "function": {
            "name": "@container::SIR-Gillespie-SD::@global::update_mean_var",
            "type": "function_name"
          },
          "input": [
            "@variable::MeanS::-1",
            "@variable::VarS::-1",
            "@variable::sample::0",
            "@variable::n_S::-1",
            "@variable::runs::-1"
          ],
          "output": null,
          "updated": [
            "@variable::MeanS::0",
            "@variable::VarS::0"
          ]
        },
        {
          "function": {
            "name": "@container::SIR-Gillespie-SD::@global::update_mean_var",
            "type": "function_name"
          },
          "input": [
            "@variable::MeanI::-1",
            "@variable::VarI::-1",
            "@variable::sample::0",
            "@variable::n_I::-1",
            "@variable::runs::-1"
          ],
          "output": null,
          "updated": [
            "@variable::MeanI::0",
            "@variable::VarI::0"
          ]
        },
        {
          "function": {
            "name": "@container::SIR-Gillespie-SD::@global::update_mean_var",
            "type": "function_name"
          },
          "input": [
            "@variable::MeanR::-1",
            "@variable::VarR::-1",
            "@variable::sample::0",
            "@variable::n_R::-1",
            "@variable::runs::-1"
          ],
          "output": null,
          "updated": [
            "@variable::MeanR::0",
            "@variable::VarR::0"
          ]
        },
        {
          "function": {
            "name": "SIR_Gillespie_SD__gillespie__loop_4__assign__sample_idx__0",
            "type": "lambda_source"
          },
          "input": [
            "@variable::sample_idx::-1"
          ],
          "output": "@variable::sample_idx::0",
          "updated": []
        }
      ]
    }
  ],
  "source_comments": {
    "$file_head": [
      "********************************************************************************\n"
    ],
    "$file_foot": [],
    "@container::SIR-Gillespie-SD::@global::pyrand": {
      "head": [
        "C     Fortranification of AMIDOL's SIR-Gillespie.py\n",
        "********************************************************************************\n",
        "C      subroutine print_output(L)\n",
        "C      implicit none\n",
        "C      integer, parameter :: Tmax = 100\n",
        "C      double precision, dimension(0:Tmax) :: L\n",
        "C      integer i\n",
        "C\n",
        "C      do i = 0, 19\n",
        "C         write (*, 10) L(5*i+0), L(5*i+1), L(5*i+2), L(5*i+3), L(5*i+4)\n",
        "C      end do\n",
        "C      write (*, 11)\n",
        "C\n",
        "C 10   format (5(F10.4,X))\n",
        "C 11   format('----------')\n",
        "C\n",
        "C      return\n",
        "C      end subroutine print_output\n",
        "********************************************************************************\n",
        "*                                                                              *\n",
        "*                Pretend to be Python's random-number generator                *\n",
        "*                                                                              *\n",
        "********************************************************************************\n"
      ],
      "neck": [],
      "foot": [
        "********************************************************************************\n",
        "C     Variables:\n",
        "C     beta     Rate of infection\n",
        "C     gamma    Rate of recovery from an infection\n",
        "C     rho      Basic reproduction Number\n",
        "C\n",
        "C     State Variables: S, I, R\n",
        "C     S - Susceptible population\n",
        "C     I - Infected population\n",
        "C     R - Recovered population\n",
        "C     n_S      current number of susceptible members\n",
        "C     n_I      current number of infected members\n",
        "C     n_R      current number of recovered members\n",
        "C     S0       initial value of S\n",
        "C     I0       initial value of I\n",
        "C     R0       initial value of R\n",
        "C     MeanS    Measures of Mean for S\n",
        "C     MeanI    Measures of Mean for I\n",
        "C     MeanR    Measures of Mean for R\n",
        "C     VarS     Measures of Variance for S\n",
        "C     VarI     Measures of Variance for I\n",
        "C     VarR     Measures of Variance for R\n",
        "C\n",
        "C     rateInfect    Current state dependent rate of infection\n",
        "C     rateRecover   Current state dependent rate of recovery\n",
        "C     totalRates    Sum of total rates; taking advantage of Markovian identities\n",
        "C                       to improve performance.\n",
        "C\n",
        "C     Tmax          Maximum time for the simulation\n",
        "C     t             Initial time for the simulation\n",
        "C     totalRuns     Total number of trajectories to generate for the analysis\n",
        "C     dt       next inter-event time\n",
        "********************************************************************************\n"
      ],
      "internal": {}
    },
    "@container::SIR-Gillespie-SD::@global::update_mean_var": {
      "head": [
        "********************************************************************************\n"
      ],
      "neck": [],
      "foot": [],
      "internal": {}
    },
    "@container::SIR-Gillespie-SD::@global::gillespie": {
      "head": [
        "********************************************************************************\n",
        "C     Variables:\n",
        "C     beta     Rate of infection\n",
        "C     gamma    Rate of recovery from an infection\n",
        "C     rho      Basic reproduction Number\n",
        "C\n",
        "C     State Variables: S, I, R\n",
        "C     S - Susceptible population\n",
        "C     I - Infected population\n",
        "C     R - Recovered population\n",
        "C     n_S      current number of susceptible members\n",
        "C     n_I      current number of infected members\n",
        "C     n_R      current number of recovered members\n",
        "C     S0       initial value of S\n",
        "C     I0       initial value of I\n",
        "C     R0       initial value of R\n",
        "C     MeanS    Measures of Mean for S\n",
        "C     MeanI    Measures of Mean for I\n",
        "C     MeanR    Measures of Mean for R\n",
        "C     VarS     Measures of Variance for S\n",
        "C     VarI     Measures of Variance for I\n",
        "C     VarR     Measures of Variance for R\n",
        "C\n",
        "C     rateInfect    Current state dependent rate of infection\n",
        "C     rateRecover   Current state dependent rate of recovery\n",
        "C     totalRates    Sum of total rates; taking advantage of Markovian identities\n",
        "C                       to improve performance.\n",
        "C\n",
        "C     Tmax          Maximum time for the simulation\n",
        "C     t             Initial time for the simulation\n",
        "C     totalRuns     Total number of trajectories to generate for the analysis\n",
        "C     dt       next inter-event time\n",
        "********************************************************************************\n"
      ],
      "neck": [],
      "foot": [],
      "internal": {}
    }
  },
  "start": "@container::SIR-Gillespie-SD::@global::main",
  "source": [
    "SIR-Gillespie-SD.f"
  ],
  "dateCreated": "20190724"
}

